,precision,recall,f1-score,support
AskReddit,0.26545454545454544,0.20797720797720798,0.23322683706070285,351.0
GlobalOffensive,0.6925287356321839,0.6566757493188011,0.6741258741258741,367.0
Music,0.5593607305936074,0.698005698005698,0.6210392902408112,351.0
Overwatch,0.6197916666666666,0.7323076923076923,0.6713681241184767,325.0
anime,0.6201117318435754,0.6686746987951807,0.6434782608695652,332.0
baseball,0.6994047619047619,0.6403269754768393,0.6685633001422475,367.0
canada,0.4644808743169399,0.5120481927710844,0.48710601719197716,332.0
conspiracy,0.40987654320987654,0.4715909090909091,0.4385733157199471,352.0
europe,0.4458128078817734,0.5292397660818714,0.4839572192513369,342.0
funny,0.3118279569892473,0.15466666666666667,0.2067736185383244,375.0
gameofthrones,0.6642685851318945,0.7824858757062146,0.7185473411154345,354.0
hockey,0.7186544342507645,0.6811594202898551,0.699404761904762,345.0
leagueoflegends,0.7508305647840532,0.691131498470948,0.7197452229299363,327.0
movies,0.5873015873015873,0.6,0.5935828877005348,370.0
nba,0.6773255813953488,0.6773255813953488,0.6773255813953488,344.0
nfl,0.6804733727810651,0.6906906906906907,0.6855439642324889,333.0
soccer,0.7588424437299035,0.6210526315789474,0.683068017366136,380.0
trees,0.5238095238095238,0.5515320334261838,0.537313432835821,359.0
worldnews,0.34591194968553457,0.3055555555555556,0.32448377581120946,360.0
wow,0.6709844559585493,0.7754491017964071,0.7194444444444444,334.0
accuracy,0.5792857142857143,0.5792857142857143,0.5792857142857143,0.5792857142857143
macro avg,0.5733526426660702,0.5823947972701051,0.574333564349769,7000.0
weighted avg,0.5722999045277902,0.5792857142857143,0.5721561588765434,7000.0
